id,seq,N,E,type
7_hallucinated_3_25_0001,DPETKIM,7,2.059823,Hallucinated
7_hallucinated_134_15_0001,ESGMADP,7,5.205486,Hallucinated
7_hallucinated_88_216_0001_1,GDPENPA,7,0.918539,Hallucinated
7_hallucinated_58_74_0001_1,DPAMGPE,7,0.836186,Hallucinated
7_hallucinated_8_188_0001,AGDAHNP,7,3.431837,Hallucinated
7_hallucinated_51_45_0001,MDANNPA,7,2.417419,Hallucinated
7_hallucinated_64_214_0001_1,DKGLSPA,7,4.045783,Hallucinated
7_hallucinated_64_220_0001_1,PETPGMD,7,0.822752,Hallucinated
7_hallucinated_36_153_0001,RSPGGDA,7,2.872297,Hallucinated
7_hallucinated_59_22_0001,WMPGQDP,7,0.834107,Hallucinated
7_hallucinated_63_1_0001,GKRMGAP,7,3.009505,Hallucinated
7_hallucinated_68_205_0001,QEGALPG,7,2.965407,Hallucinated
7_hallucinated_166_65_0001_1,GDPRLGA,7,2.934711,Hallucinated
7_hallucinated_32_126_0001_1,SRMGDPE,7,3.171615,Hallucinated
7_hallucinated_197_236_0001,GAEPGRP,7,0.693661,Hallucinated
7_hallucinated_197_124_0001_1,GQPGDPW,7,1.284277,Hallucinated
7_hallucinated_115_234_0001,GDPMDPR,7,0.918539,Hallucinated
7_hallucinated_109_178_0001_1,GDEKNPE,7,2.517776,Hallucinated
7_hallucinated_51_192_0001_1,GDPMQPT,7,0.918539,Hallucinated
7_hallucinated_110_130_0001_1,AGDPMGL,7,2.537363,Hallucinated
7_hallucinated_106_145_0001_1,PGMDPRF,7,0.633441,Hallucinated
7_hallucinated_62_185_0001_1,SATDPRG,7,2.263673,Hallucinated
7_hallucinated_4_70_0001_1,SGRAGDP,7,5.005647,Hallucinated
7_hallucinated_59_49_0001,PRTGEAD,7,2.781632,Hallucinated
7_hallucinated_199_58_0001,EDPHMEG,7,3.379628,Hallucinated
7_hallucinated_109_142_0001,KEEDPFT,7,2.446329,Hallucinated
7_hallucinated_108_113_0001,HMKGPDP,7,3.891455,Hallucinated
7_hallucinated_186_18_0001_1,GRAYPHL,7,4.136099,Hallucinated
7_hallucinated_188_235_0001,DPNMPGG,7,1.762671,Hallucinated
7_hallucinated_88_204_0001_1,ADPHQKG,7,3.379628,Hallucinated
7_hallucinated_88_131_0001,LRKILDS,7,0.520449,Hallucinated
7_hallucinated_169_112_0001,DDPEARG,7,3.379628,Hallucinated
7_hallucinated_55_47_0001_1,GISKLLK,7,0.960830,Hallucinated
7_hallucinated_197_124_0001,GQPGDPW,7,1.284277,Hallucinated
7_hallucinated_179_172_0001_1,PEPGRPG,7,2.135048,Hallucinated
7_hallucinated_50_141_0001,PFGPPGD,7,5.501310,Hallucinated
7_hallucinated_141_141_0001,RDDGEPF,7,3.171615,Hallucinated
7_hallucinated_159_92_0001,EDPMNPA,7,0.566930,Hallucinated
7_hallucinated_161_8_0001_1,PGGDADN,7,2.554886,Hallucinated
7_hallucinated_32_169_0001_1,MREPGSP,7,0.765426,Hallucinated
8_hallucinated_170_3_0001,DGAMPGDP,8,2.054829,Hallucinated
8_hallucinated_183_89_0001,NDPMNPAE,8,1.224211,Hallucinated
8_hallucinated_166_157_0001,MPGDPRAL,8,0.914530,Hallucinated
8_hallucinated_20_5_0001,LPGSRMKG,8,2.764781,Hallucinated
8_hallucinated_185_235_0001,KGGNDPRS,8,1.801789,Hallucinated
8_hallucinated_23_154_0001,ADPRDPAT,8,1.224211,Hallucinated
8_hallucinated_158_152_0001,AWSPGDPR,8,0.986552,Hallucinated
8_hallucinated_78_71_0001,NPEVAVPG,8,1.724892,Hallucinated
8_hallucinated_128_130_0001,EKKDIRNP,8,3.725138,Hallucinated
8_hallucinated_43_93_0001,KAAGSKNG,8,2.014097,Hallucinated
8_hallucinated_77_100_0001,EVDPARNP,8,0.052096,Hallucinated
8_hallucinated_185_50_0001,VLRVVFPG,8,1.999772,Hallucinated
8_hallucinated_122_98_0001,DPLTGRAD,8,2.180996,Hallucinated
8_hallucinated_172_81_0001,DRRACVPG,8,1.999772,Hallucinated
8_hallucinated_123_61_0001,MDPENRET,8,1.836670,Hallucinated
8_hallucinated_200_155_0001,AVWSDDPR,8,2.913221,Hallucinated
8_hallucinated_196_216_0001,LAGDPRTG,8,4.480910,Hallucinated
8_hallucinated_14_34_0001,GDPTRWEP,8,1.341602,Hallucinated
8_hallucinated_172_95_0001,ARANDPTG,8,4.241042,Hallucinated
8_hallucinated_83_88_0001,WRTGSPAD,8,4.390581,Hallucinated
8_hallucinated_200_147_0001,TAGDRKSR,8,0.908354,Hallucinated
8_hallucinated_184_185_0001,WTRENPEY,8,2.911954,Hallucinated
8_hallucinated_125_185_0001,ECMDPESK,8,1.967143,Hallucinated
8_hallucinated_162_175_0001,GSMVPNRP,8,1.214209,Hallucinated
8_hallucinated_43_137_0001,SADPRDPG,8,1.150658,Hallucinated
8_hallucinated_105_83_0001,PKENPEYN,8,0.052015,Hallucinated
8_hallucinated_29_179_0001,PAGGDARN,8,3.136318,Hallucinated
8_hallucinated_123_11_0001,GVWWSAEP,8,1.947570,Hallucinated
8_hallucinated_56_193_0001,MGDPANPW,8,1.665873,Hallucinated
8_hallucinated_57_42_0001,ALPGVRGS,8,1.331621,Hallucinated
8_hallucinated_150_189_0001,SGRADDPA,8,3.101704,Hallucinated
8_hallucinated_42_43_0001,ANDPETGE,8,2.522445,Hallucinated
8_hallucinated_61_85_0001,GADPRAPG,8,2.267669,Hallucinated
8_hallucinated_2_198_0001,REWNPENI,8,1.967143,Hallucinated
8_hallucinated_164_21_0001,EMGPEMAA,8,2.182752,Hallucinated
8_hallucinated_64_41_0001,ENRETMDP,8,3.725138,Hallucinated
8_hallucinated_52_215_0001,GMPGDPWR,8,2.092558,Hallucinated
8_hallucinated_41_189_0001,AWTEDDPA,8,2.913221,Hallucinated
8_hallucinated_19_17_0001,PRDPGSAD,8,1.208611,Hallucinated
8_hallucinated_87_123_0001,ASATDRRG,8,0.757253,Hallucinated
9_hallucinated_82_196_0001,GANERLFPG,9,1.799968,Hallucinated
9_hallucinated_114_106_0001,IIPTPENKD,9,4.475483,Hallucinated
9_hallucinated_169_32_0001,DPHAVGDPR,9,4.818621,Hallucinated
9_hallucinated_5_95_0001,ARPGAPAWD,9,1.718784,Hallucinated
9_hallucinated_15_112_0001,GVAGDPNRA,9,2.411130,Hallucinated
9_hallucinated_161_139_0001,PGQTAGQKG,9,2.124015,Hallucinated
9_hallucinated_156_184_0001,MPGRANSPN,9,3.082077,Hallucinated
9_hallucinated_115_143_0001,KGSKAPGAL,9,0.995436,Hallucinated
9_hallucinated_14_113_0001,VLVRTKESM,9,0.411147,Hallucinated
9_hallucinated_197_145_0001,DGRWDPERF,9,0.961850,Hallucinated
9_hallucinated_47_236_0001,PNARPEDND,9,0.534482,Hallucinated
9_hallucinated_83_85_0001,DRGPGLPAA,9,2.483988,Hallucinated
9_hallucinated_52_21_0001,PEWMKSMGM,9,2.890546,Hallucinated
9_hallucinated_9_88_0001,KRSLEPGSD,9,1.113029,Hallucinated
9_hallucinated_121_176_0001,MRGAYEWLG,9,2.431644,Hallucinated
9_hallucinated_128_138_0001,RAGDARNPG,9,1.104392,Hallucinated
9_hallucinated_126_210_0001,GVPSLEWLF,9,2.926694,Hallucinated
9_hallucinated_194_157_0001,GDARNPAVP,9,2.281086,Hallucinated
9_hallucinated_194_182_0001,NDPENRAMG,9,2.492072,Hallucinated
9_hallucinated_187_149_0001,GQESKTPIP,9,4.412717,Hallucinated
9_hallucinated_23_55_0001,EMMDPNLPK,9,2.511987,Hallucinated
9_hallucinated_122_76_0001,HSKDPNELT,9,1.405350,Hallucinated
9_hallucinated_149_136_0001,VAGRFDGRW,9,2.647085,Hallucinated
9_hallucinated_12_82_0001,KSLVETPHT,9,1.611506,Hallucinated
9_hallucinated_28_7_0001,AFRILFHSP,9,1.640729,Hallucinated
9_hallucinated_136_79_0001,DGELVAWAY,9,1.223288,Hallucinated
9_hallucinated_200_50_0001,RNPGDPGDP,9,0.140985,Hallucinated
9_hallucinated_87_95_0001,PNDPNDPND,9,0.322373,Hallucinated
9_hallucinated_87_181_0001,GVVGDPARP,9,2.328448,Hallucinated
9_hallucinated_53_68_0001,NAPPDDPNP,9,3.232819,Hallucinated
9_hallucinated_99_44_0001,WNPEVWTEE,9,1.444815,Hallucinated
9_hallucinated_32_107_0001,DPAARDPGG,9,3.082336,Hallucinated
9_hallucinated_133_28_0001,AARPSATGD,9,1.247971,Hallucinated
9_hallucinated_143_113_0001,NAPPDQKGP,9,3.783671,Hallucinated
9_hallucinated_42_98_0001,RDPNGDPAA,9,1.033397,Hallucinated
9_hallucinated_123_5_0001,WVYNPARCD,9,1.405350,Hallucinated
9_hallucinated_158_102_0001,GPGLPAADR,9,1.680092,Hallucinated
9_hallucinated_117_193_0001,EVNAARGDP,9,2.656499,Hallucinated
9_hallucinated_121_127_0001,ARNRGSPTD,9,2.698079,Hallucinated
9_hallucinated_117_28_0001,NDPFTKEPT,9,0.557911,Hallucinated
10_hallucinated_178_91_0001,HDPETGDPDA,10,2.692614,Hallucinated
10_hallucinated_178_49_0001,TADPARFDPA,10,1.128627,Hallucinated
10_hallucinated_131_113_0001,DPFGNPNDPN,10,0.563404,Hallucinated
10_hallucinated_35_197_0001,MPGLPPWFQG,10,3.173389,Hallucinated
10_hallucinated_93_210_0001,PEERENPFAT,10,1.236935,Hallucinated
10_hallucinated_114_15_0001,PETADPANHD,10,1.441938,Hallucinated
10_hallucinated_16_67_0001,ERFDPAQWDP,10,1.347489,Hallucinated
10_hallucinated_118_133_0001,SRTEGSYSLM,10,1.250886,Hallucinated
10_hallucinated_27_202_0001,SEWRRLPGDT,10,0.816296,Hallucinated
10_hallucinated_118_13_0001,LRELLTGASG,10,2.342223,Hallucinated
10_hallucinated_13_6_0001,TQIGGRTYLF,10,1.287558,Hallucinated
10_hallucinated_177_114_0001,FDPENWDGTE,10,0.788047,Hallucinated
10_hallucinated_129_58_0001,SSLEEFMRGQ,10,1.330748,Hallucinated
10_hallucinated_123_207_0001,GSLLEAIMGR,10,1.592840,Hallucinated
10_hallucinated_112_112_0001,PMNPELRNID,10,0.972338,Hallucinated
10_hallucinated_87_140_0001,SFTVDGRQFE,10,1.248830,Hallucinated
10_hallucinated_69_3_0001,EGKMLPNFMI,10,1.346319,Hallucinated
10_hallucinated_49_145_0001,GDYRLPGIDF,10,0.891697,Hallucinated
10_hallucinated_173_43_0001,LLGVVTPRAL,10,1.262297,Hallucinated
10_hallucinated_3_218_0001,FQWPGFRSEG,10,1.101836,Hallucinated
10_hallucinated_79_145_0001,NLPGAPEWNK,10,0.761652,Hallucinated
10_hallucinated_76_107_0001,GPWARPGETS,10,1.418088,Hallucinated
10_hallucinated_52_134_0001,WFPEHRIGGV,10,1.284624,Hallucinated
10_hallucinated_31_192_0001,VRHGDVMVWP,10,1.586471,Hallucinated
10_hallucinated_101_71_0001,FPVPGRAGSP,10,4.973685,Hallucinated
10_hallucinated_118_234_0001,VRTPEGWVGD,10,1.526760,Hallucinated
10_hallucinated_57_76_0001,GEGWLERIFK,10,1.650770,Hallucinated
10_hallucinated_75_76_0001,EAWLMKMPGP,10,2.468627,Hallucinated
10_hallucinated_72_231_0001,GQVSVLAWDP,10,0.921979,Hallucinated
10_hallucinated_85_219_0001,PEEILKGQMN,10,1.388821,Hallucinated
10_hallucinated_195_47_0001,MGEWTTTRWV,10,1.267898,Hallucinated
10_hallucinated_97_119_0001,SGMKTAGRNI,10,1.263233,Hallucinated
10_hallucinated_119_117_0001,AAFDPRRLDW,10,1.321128,Hallucinated
10_hallucinated_22_209_0001,DKSMCSKNPE,10,1.268826,Hallucinated
10_hallucinated_137_167_0001,MDTVVWGEIT,10,1.391357,Hallucinated
10_hallucinated_86_120_0001,PEAKLFHMPG,10,1.536819,Hallucinated
10_hallucinated_179_117_0001,PTIFTIDPEN,10,1.383420,Hallucinated
10_hallucinated_171_139_0001,REGDWVTPEG,10,1.558445,Hallucinated
10_hallucinated_140_118_0001,FLDSLLRGGS,10,1.319069,Hallucinated
10_hallucinated_155_234_0001,HVTGTVDAEG,10,1.739354,Hallucinated
11_hallucinated_193_221_0001,QGSLIERLMGK,11,1.765035,Hallucinated
11_hallucinated_167_190_0001,NPLLEMFFKSD,11,1.364572,Hallucinated
11_hallucinated_8_164_0001,KELREMFGINS,11,0.878236,Hallucinated
11_hallucinated_16_216_0001,NPMSILEFLFG,11,2.012191,Hallucinated
11_hallucinated_149_159_0001,GGAGDLRSLLT,11,2.040269,Hallucinated
11_hallucinated_175_234_0001,DFIRRGGKSLE,11,1.049071,Hallucinated
11_hallucinated_164_77_0001,GRCNSLEEILN,11,0.851006,Hallucinated
11_hallucinated_22_139_0001,EELAGFRLQGG,11,1.203877,Hallucinated
11_hallucinated_90_65_0001,EFNPYSKEPTL,11,2.597694,Hallucinated
11_hallucinated_107_173_0001,TAEAWLRGMGP,11,2.866544,Hallucinated
11_hallucinated_103_212_0001,SWLEQKYRGGQ,11,1.038098,Hallucinated
11_hallucinated_43_132_0001,VTTWEDFMAGR,11,0.850854,Hallucinated
11_hallucinated_187_67_0001,TWAELRAGRPG,11,2.061674,Hallucinated
11_hallucinated_86_115_0001,PGLWMEGGVFL,11,1.958285,Hallucinated
11_hallucinated_82_172_0001,PSLEDMLRGRG,11,2.246397,Hallucinated
11_hallucinated_142_43_0001,DEHGMMVIVRF,11,0.860314,Hallucinated
11_hallucinated_30_219_0001,WLLALITGMPD,11,2.361975,Hallucinated
11_hallucinated_100_33_0001,REARRNPGATS,11,0.972523,Hallucinated
11_hallucinated_98_180_0001,NALLRKLGRNS,11,0.878236,Hallucinated
11_hallucinated_105_97_0001,EWQTLEDFMRG,11,0.868959,Hallucinated
11_hallucinated_70_132_0001,DWWEALKNGST,11,0.846783,Hallucinated
11_hallucinated_122_122_0001,LLPWGRDADGE,11,2.423655,Hallucinated
11_hallucinated_21_142_0001,GGSTLRELLRA,11,1.090138,Hallucinated
11_hallucinated_19_119_0001,EAYRNPHLLSA,11,1.182761,Hallucinated
11_hallucinated_115_211_0001,LGRADSPWEAF,11,0.985413,Hallucinated
11_hallucinated_160_146_0001,DAFARWMGGPA,11,2.719212,Hallucinated
11_hallucinated_153_107_0001,LPGGATNAGFT,11,2.998536,Hallucinated
11_hallucinated_147_6_0001,DILARITGGKD,11,1.077773,Hallucinated
11_hallucinated_165_127_0001,GQKFQPGKMEP,11,1.675662,Hallucinated
11_hallucinated_19_39_0001,KRIGGIRNKNS,11,1.079932,Hallucinated
11_hallucinated_132_82_0001,WGPRAPVRAGE,11,0.422067,Hallucinated
11_hallucinated_107_142_0001,MGEPDDPWRAF,11,0.756271,Hallucinated
11_hallucinated_147_140_0001,EGTLADILAGR,11,1.765035,Hallucinated
11_hallucinated_32_188_0001,ELTWGFDWRTG,11,1.047050,Hallucinated
11_hallucinated_12_107_0001,EFLSGNKNFLA,11,0.836321,Hallucinated
11_hallucinated_23_13_0001,DPETGWVGDVW,11,2.205122,Hallucinated
11_hallucinated_136_136_0001,MSLEELLNGRN,11,0.846783,Hallucinated
11_hallucinated_29_19_0001,NPSKPLREAFN,11,0.386074,Hallucinated
11_hallucinated_51_40_0001,LPPWMNPAIRG,11,1.796159,Hallucinated
11_hallucinated_65_212_0001,PPEERKLNPNL,11,2.597053,Hallucinated
12_hallucinated_173_78_0001,PGAAPDEARRAG,12,1.200015,Hallucinated
12_hallucinated_60_177_0001,SLEEFNWDKMPK,12,1.975478,Hallucinated
12_hallucinated_117_188_0001,TNGTVEMERLIR,12,0.806765,Hallucinated
12_hallucinated_109_12_0001,LMGAETPTFWER,12,1.101771,Hallucinated
12_hallucinated_50_151_0001,HMIRGFEIKFGE,12,1.038546,Hallucinated
12_hallucinated_95_182_0001,RGGMHWTPEDLE,12,2.186224,Hallucinated
12_hallucinated_115_70_0001,DKSELERMIHGT,12,0.765940,Hallucinated
12_hallucinated_26_193_0001,GALSAEERLYRR,12,0.757199,Hallucinated
12_hallucinated_23_213_0001,ELINKKSPSLLA,12,1.163474,Hallucinated
12_hallucinated_21_138_0001,PTFDGDRVTTEA,12,1.123042,Hallucinated
12_hallucinated_93_101_0001,RETARLFGVATS,12,0.732783,Hallucinated
12_hallucinated_160_198_0001,EWRTPENAHLPA,12,3.860628,Hallucinated
12_hallucinated_135_215_0001,AGIEIETEAARR,12,0.814286,Hallucinated
12_hallucinated_6_192_0001,GDPNADPADAEP,12,1.336469,Hallucinated
12_hallucinated_193_79_0001,WETLKKMPGSTD,12,1.437808,Hallucinated
12_hallucinated_28_233_0001,SPEEIRYGIQGN,12,2.653733,Hallucinated
12_hallucinated_118_41_0001,LEEWNRQGPNAT,12,1.660598,Hallucinated
12_hallucinated_149_167_0001,SIIEKLMTGREG,12,1.368090,Hallucinated
12_hallucinated_2_109_0001,GRVVSPTEVDAW,12,1.569879,Hallucinated
12_hallucinated_36_87_0001,PSTDWEAFLRGE,12,2.655709,Hallucinated
12_hallucinated_135_145_0001,GMTREEWERGLA,12,1.504052,Hallucinated
12_hallucinated_104_76_0001,EQIIRGQKLSIL,12,0.794260,Hallucinated
12_hallucinated_35_109_0001,GKRFAGSNITIP,12,1.994417,Hallucinated
12_hallucinated_165_36_0001,DPWARLMGEPST,12,0.650178,Hallucinated
12_hallucinated_116_6_0001,RPDATGELLADG,12,1.855368,Hallucinated
12_hallucinated_99_224_0001,QWIRSPDCPAWL,12,0.539023,Hallucinated
12_hallucinated_103_17_0001,ELAGSPDAWRNP,12,4.125549,Hallucinated
12_hallucinated_34_172_0001,ELARRMFGMQQS,12,0.732783,Hallucinated
12_hallucinated_18_223_0001,AGIKNPTPEQQR,12,3.228824,Hallucinated
12_hallucinated_17_90_0001,LKNNPKGSLKEF,12,2.241690,Hallucinated
12_hallucinated_54_122_0001,ESIAEFLATGRW,12,0.771065,Hallucinated
12_hallucinated_65_60_0001,NPWQPPTAENLE,12,1.500372,Hallucinated
12_hallucinated_120_147_0001,MLRKTPSGSIFE,12,2.186344,Hallucinated
12_hallucinated_104_78_0001,NPTIRELIEGVK,12,1.142695,Hallucinated
12_hallucinated_153_24_0001,RNPFPTTWEEAR,12,3.804690,Hallucinated
12_hallucinated_101_206_0001,DRFLEMLFGIGT,12,1.123156,Hallucinated
12_hallucinated_130_232_0001,PGEIAINNPNAR,12,0.498938,Hallucinated
12_hallucinated_147_105_0001,AARWGRSTDPAE,12,1.924477,Hallucinated
12_hallucinated_88_178_0001,ALSPIEEFLNGQ,12,1.732028,Hallucinated
12_hallucinated_152_223_0001,GYPDLPESARAL,12,1.054987,Hallucinated
13_hallucinated_171_73_0001,RTGSMEGTWRDAV,13,2.043151,Hallucinated
13_hallucinated_136_65_0001,RDNPKSIAEWLVN,13,1.056474,Hallucinated
13_hallucinated_33_130_0001,AYGRQISPWVEFD,13,0.920082,Hallucinated
13_hallucinated_101_202_0001,PESIWVGEYMIHT,13,1.608741,Hallucinated
13_hallucinated_100_195_0001,PQSVEEYLNSREP,13,1.752314,Hallucinated
13_hallucinated_123_118_0001,GRQLSPGVWDEAT,13,0.993660,Hallucinated
13_hallucinated_196_165_0001,SPVERMRNKSEML,13,1.078852,Hallucinated
13_hallucinated_113_194_0001,MTLAEMIARGPEN,13,1.103669,Hallucinated
13_hallucinated_138_26_0001,GVTGWWAAFLEER,13,1.607016,Hallucinated
13_hallucinated_106_192_0001,RSAFEQWMFQGEA,13,1.002291,Hallucinated
13_hallucinated_24_73_0001,GARLEPGQKPYGA,13,1.345251,Hallucinated
13_hallucinated_159_98_0001,AVTAEGPVPGYEG,13,2.611987,Hallucinated
13_hallucinated_186_32_0001,LPEWISRMWGNPD,13,3.152534,Hallucinated
13_hallucinated_138_151_0001,EEAWRTGNAHLTA,13,1.009022,Hallucinated
13_hallucinated_156_63_0001,GTCVFDEATGEWL,13,1.568403,Hallucinated
13_hallucinated_3_187_0001,GFDLETGEFDPAQ,13,1.181092,Hallucinated
13_hallucinated_90_3_0001,AGLRRTASGRLNM,13,1.461345,Hallucinated
13_hallucinated_77_230_0001,STRPPTREELNRG,13,1.799249,Hallucinated
13_hallucinated_42_106_0001,EYWVNGELYHTEW,13,0.934009,Hallucinated
13_hallucinated_127_80_0001,VNEKTGIVLHPDQ,13,0.825372,Hallucinated
13_hallucinated_137_185_0001,FKTEEDRENPKSP,13,1.476049,Hallucinated
13_hallucinated_194_68_0001,GSTDPRALAEGVP,13,1.525471,Hallucinated
13_hallucinated_68_24_0001,EAWQNPEEAWMNP,13,2.304531,Hallucinated
13_hallucinated_91_110_0001,DWIAQRLGDPNST,13,2.007591,Hallucinated
13_hallucinated_141_197_0001,SPAEVARNAGRQL,13,0.851773,Hallucinated
13_hallucinated_2_132_0001,SEEFNRWMGLEAM,13,0.827955,Hallucinated
13_hallucinated_55_198_0001,LVMFTPSDLASGR,13,1.901831,Hallucinated
13_hallucinated_100_120_0001,GSKSTPTRDELLR,13,0.911569,Hallucinated
13_hallucinated_177_79_0001,AWELAMGRTEWAT,13,1.009022,Hallucinated
13_hallucinated_83_141_0001,PPPREGQPAPANG,13,2.070907,Hallucinated
13_hallucinated_51_210_0001,NPNKQGSLEDRMR,13,0.810725,Hallucinated
13_hallucinated_75_33_0001,PELAVPGFDPRQY,13,0.730125,Hallucinated
13_hallucinated_179_211_0001,SQLIEMLIGRKSG,13,1.466642,Hallucinated
13_hallucinated_159_100_0001,LGILYFLLTGEPW,13,3.293849,Hallucinated
13_hallucinated_52_186_0001,TFNPMAASLEDVL,13,1.056474,Hallucinated
13_hallucinated_45_100_0001,RGGNPGDLRSALM,13,2.073340,Hallucinated
13_hallucinated_175_176_0001,SRSQNPELRAMFE,13,1.054077,Hallucinated
13_hallucinated_96_164_0001,VFTPATFDLATWR,13,1.056474,Hallucinated
13_hallucinated_156_5_0001,PEAKDNELCRQLN,13,1.111303,Hallucinated
13_hallucinated_15_124_0001,PLLRKFMENSKES,13,1.111303,Hallucinated
hallucinated_94_48_best_0001,LSWWEVWLSQDARD,14,0.867449,Hallucinated
hallucinated_157_1_best_0001,PWLSPEVREMVGNA,14,0.789047,Hallucinated
hallucinated_138_20_best_0001,RSWWGTPTVAEMQR,14,1.686686,Hallucinated
hallucinated_33_14_best_0001,NIPMSRETQEKLGL,14,1.108468,Hallucinated
hallucinated_35_21_best_0001,EGLLNPQNSKPGDW,14,2.315173,Hallucinated
hallucinated_64_42_best_0001,FATEAVRASGLPER,14,1.837681,Hallucinated
hallucinated_114_19_best_0001,DEEYARMLNLPPTE,14,1.726764,Hallucinated
hallucinated_131_38_best_0001,KSLFAILTGKESKS,14,1.106339,Hallucinated
hallucinated_47_19_best_0001,PRFGPGAEFRPNEP,14,2.007144,Hallucinated
hallucinated_119_42_best_0001,FGNKSILELMKSKN,14,1.154848,Hallucinated
hallucinated_187_54_best_0001,ITLGKGETMRSKHP,14,1.513233,Hallucinated
hallucinated_116_9_best_0001,MLNIKEDPSSPIAQ,14,0.692746,Hallucinated
hallucinated_14_6_best_0001,GRFSPARYLEDLAL,14,0.961493,Hallucinated
hallucinated_146_35_best_0001,FQKLDDNGRIMHSP,14,1.374390,Hallucinated
hallucinated_151_10_best_0001,HLTADGVLVRDGGW,14,1.877233,Hallucinated
hallucinated_35_40_best_0001,RVELSAGPPRFEGN,14,2.440185,Hallucinated
hallucinated_147_56_best_0001,IESEEWPEYARAHG,14,2.033662,Hallucinated
hallucinated_11_51_best_0001,MLKNDPSLSPQKRE,14,0.929046,Hallucinated
hallucinated_131_23_best_0001,NPNAKPGDTPEELM,14,1.821465,Hallucinated
hallucinated_192_31_best_0001,GGRLDATGEWNPQD,14,1.682588,Hallucinated
hallucinated_123_8_best_0001,FGPEATLADILRGE,14,1.221594,Hallucinated
hallucinated_43_9_best_0001,MLSPEELWNNLNWE,14,1.028807,Hallucinated
hallucinated_152_14_best_0001,WLTYWDPETETWTA,14,1.037987,Hallucinated
hallucinated_177_14_best_0001,ESGKPTLLEMLLKS,14,1.895371,Hallucinated
hallucinated_15_30_best_0001,EPQSMSLAEFLYSN,14,1.086475,Hallucinated
hallucinated_114_52_best_0001,IENEWLREMYPDAE,14,1.000987,Hallucinated
hallucinated_18_34_best_0001,VPELTRDASGQWIQ,14,1.192913,Hallucinated
hallucinated_108_18_best_0001,EESKDNPFATQREL,14,1.037987,Hallucinated
hallucinated_55_17_best_0001,TGEFDWRTGELDWA,14,1.740358,Hallucinated
hallucinated_141_44_best_0001,GIESESFEAWARER,14,1.321354,Hallucinated
hallucinated_111_31_best_0001,KSTIAMSAELRRLY,14,0.867449,Hallucinated
hallucinated_70_44_best_0001,GEWDVATGRVDPAT,14,1.652173,Hallucinated
hallucinated_29_52_best_0001,EAWLARRLGVDDPA,14,0.846861,Hallucinated
hallucinated_116_32_best_0001,TKTPGETVLPGERT,14,1.083164,Hallucinated
hallucinated_128_16_best_0001,SPHLSAEARKLYRN,14,1.086475,Hallucinated
hallucinated_36_19_best_0001,LSIEFQKELSSYPS,14,0.957723,Hallucinated
hallucinated_167_34_best_0001,LPPNEDGRWPENPW,14,0.620189,Hallucinated
hallucinated_55_31_best_0001,MAVLDEETGRMSWH,14,1.106339,Hallucinated
hallucinated_176_16_best_0001,QFESIEEMLKYPNR,14,0.972858,Hallucinated
hallucinated_158_57_best_0001,RPLTAIEWLLNHED,14,1.086475,Hallucinated
15_hallucinated_46_153_0001,GRTYELGPGQSMTAD,15,1.756048,Hallucinated
15_hallucinated_48_236_0001,MRVLTAAERANELQR,15,0.529272,Hallucinated
15_hallucinated_22_213_0001,MYLNAEGRWVMCETC,15,0.817884,Hallucinated
15_hallucinated_31_60_0001,GVEIWDPWTGEIIRL,15,1.483324,Hallucinated
15_hallucinated_80_130_0001,EWRRVPGSDAWVWTG,15,1.445900,Hallucinated
15_hallucinated_10_189_0001,EKSNLEPHEMDYEEW,15,0.990004,Hallucinated
15_hallucinated_61_66_0001,QRELEFEKMYKSSRS,15,0.529272,Hallucinated
15_hallucinated_17_155_0001,KMHFEPKSEAERELM,15,0.970269,Hallucinated
15_hallucinated_74_82_0001,SPARVVFEPGEQAPT,15,1.222076,Hallucinated
15_hallucinated_89_44_0001,WERFINEPMTLAEFD,15,0.897545,Hallucinated
15_hallucinated_25_150_0001,ELQQSPCEYFDWKTG,15,1.179498,Hallucinated
15_hallucinated_18_171_0001,EWNENSEEPIMTDHV,15,0.981604,Hallucinated
15_hallucinated_65_51_0001,VEPTAGTTWADLRRG,15,2.479802,Hallucinated
15_hallucinated_196_187_0001,HEWVALTWEENRRAS,15,0.529272,Hallucinated
15_hallucinated_34_185_0001,RRFLKNMDTELAPEI,15,1.175515,Hallucinated
15_hallucinated_41_60_0001,DYREGEVVPWWELPA,15,1.916524,Hallucinated
15_hallucinated_106_66_0001,EEIRRMYPELAHIQN,15,0.897545,Hallucinated
15_hallucinated_108_238_0001,KLYGIEDSPFSEEFR,15,0.848452,Hallucinated
15_hallucinated_24_46_0001,LTWAEQHRYGARCVT,15,0.826587,Hallucinated
15_hallucinated_131_115_0001,LAPGEPFRPLRAGET,15,0.797649,Hallucinated
15_hallucinated_156_222_0001,NPESDLSPEIARLMN,15,1.884222,Hallucinated
15_hallucinated_171_136_0001,SWERKLQEMMEGRWV,15,0.856432,Hallucinated
15_hallucinated_200_52_0001,TVVWLGPDRFELVGD,15,1.525948,Hallucinated
15_hallucinated_130_38_0001,DTKGLSPKELQNYKG,15,2.401729,Hallucinated
15_hallucinated_103_15_0001,EALENAFSRPPETPE,15,1.786527,Hallucinated
15_hallucinated_60_207_0001,LRKLASDLGIEASAS,15,0.836792,Hallucinated
15_hallucinated_188_149_0001,TLVELFNRGLNIEDM,15,0.836792,Hallucinated
15_hallucinated_136_60_0001,DWENGNFDLAKLTPS,15,1.241351,Hallucinated
15_hallucinated_44_185_0001,LERIPESIEEVMRNG,15,0.851253,Hallucinated
15_hallucinated_165_132_0001,IYELLKDIAIDVCPE,15,1.216963,Hallucinated
15_hallucinated_18_7_0001,PDFLSWVLWLLNGEA,15,1.991859,Hallucinated
15_hallucinated_153_27_0001,TAEDLRRNPEATEMA,15,0.981604,Hallucinated
15_hallucinated_57_198_0001,DGREYTTWPAQTFTV,15,1.642524,Hallucinated
15_hallucinated_192_154_0001,EWLWMELKKFGIEMS,15,0.819481,Hallucinated
15_hallucinated_94_122_0001,LSGEPACGWRAWLDA,15,1.887772,Hallucinated
15_hallucinated_133_102_0001,SAIEFNRALRQGIQV,15,0.856432,Hallucinated
15_hallucinated_129_168_0001,CDIPLTEEQRRMYPD,15,2.188712,Hallucinated
15_hallucinated_173_45_0001,SIERILQMLIGREES,15,0.819481,Hallucinated
15_hallucinated_75_106_0001,ARCIWNPEEPPRFIG,15,1.416035,Hallucinated
15_hallucinated_45_144_0001,EFDPETGEFKHTKPF,15,2.526780,Hallucinated
16_hallucinated_90_113_0001,QRPVWDGTGWVLETHP,16,0.754096,Hallucinated
16_hallucinated_93_170_0001,RLSECMENILRQIKAV,16,0.373504,Hallucinated
16_hallucinated_160_51_0001,AGSTAPLTADELARSR,16,0.968049,Hallucinated
16_hallucinated_93_12_0001,QKGPPDKNQTPEELRN,16,2.465437,Hallucinated
16_hallucinated_171_53_0001,DPEAMAWEQIRNALEG,16,1.866262,Hallucinated
16_hallucinated_194_101_0001,LECPGRMSAKLREMLK,16,1.144589,Hallucinated
16_hallucinated_114_215_0001,EELEWAIRNNIPFVSI,16,0.996459,Hallucinated
16_hallucinated_69_216_0001,TEAVRANNEMWGLAEA,16,0.756240,Hallucinated
16_hallucinated_103_65_0001,SENETPPAGWDPNVKL,16,2.362189,Hallucinated
16_hallucinated_83_110_0001,LGLMRMNKLIEEFLKQ,16,0.815794,Hallucinated
16_hallucinated_25_113_0001,GIKLNSEIMRMIEELF,16,0.773203,Hallucinated
16_hallucinated_147_151_0001,RAGWREAIGKTPEEAM,16,1.388752,Hallucinated
16_hallucinated_94_78_0001,TPIEMIINPNSNMKEL,16,0.536268,Hallucinated
16_hallucinated_171_198_0001,NQSLSAIELFFYEMYS,16,0.373504,Hallucinated
16_hallucinated_100_89_0001,DTPEFRWENGVLRGEG,16,1.998651,Hallucinated
16_hallucinated_96_154_0001,GAHSSAEEELFRRMTK,16,0.773203,Hallucinated
16_hallucinated_119_125_0001,PDLYIPGAPEEVQRWA,16,0.909038,Hallucinated
16_hallucinated_85_113_0001,RWDLTSPWAVWNPEQG,16,4.364219,Hallucinated
16_hallucinated_40_224_0001,RSFELEGMSKSMELIM,16,0.804635,Hallucinated
16_hallucinated_11_106_0001,PAHSPVWMRTDWGLYE,16,0.235598,Hallucinated
16_hallucinated_2_35_0001,NKYFGMEASLFLQELV,16,0.768774,Hallucinated
16_hallucinated_12_171_0001,SSPRDLARAQEPGRVA,16,0.893416,Hallucinated
16_hallucinated_103_225_0001,PHLTSTDKEKEFRRKN,16,1.338442,Hallucinated
16_hallucinated_1_63_0001,GIFNPKEDQCPECRKK,16,2.491405,Hallucinated
16_hallucinated_165_207_0001,QMIYGYDPCRELTWWE,16,1.293920,Hallucinated
16_hallucinated_194_67_0001,DLDFETKARYPQYADL,16,1.010105,Hallucinated
16_hallucinated_33_135_0001,TEWRPVTWAELATADF,16,0.971592,Hallucinated
16_hallucinated_78_120_0001,KPPEPNQTREECLKQT,16,1.967324,Hallucinated
16_hallucinated_37_210_0001,EKLSPINENIYNRIMG,16,1.406762,Hallucinated
16_hallucinated_111_21_0001,EGLEEFLWGLIMGQKA,16,1.964546,Hallucinated
16_hallucinated_181_179_0001,NIPARLNPEATEEERE,16,1.075995,Hallucinated
16_hallucinated_99_145_0001,SQRRFLSKEEREMLPA,16,1.546295,Hallucinated
16_hallucinated_169_174_0001,APRNETTKLTPEQREN,16,0.612655,Hallucinated
16_hallucinated_159_14_0001,VEALRAFLDGREADSI,16,0.801155,Hallucinated
16_hallucinated_83_9_0001,LSPADLLWAPPWYLES,16,1.370313,Hallucinated
16_hallucinated_163_24_0001,EHEWEILGPGQTKWVS,16,1.535373,Hallucinated
16_hallucinated_81_223_0001,TSESIRRLGEMLGIEA,16,1.330989,Hallucinated
16_hallucinated_153_225_0001,DWATGEPVWVGGEPRL,16,1.048741,Hallucinated
16_hallucinated_185_231_0001,TRIEKEIENLMKNIRL,16,0.373504,Hallucinated
16_hallucinated_71_158_0001,PAWWSLAYLLDLISGM,16,2.158795,Hallucinated
R7_0,WEMKNAL,7,0.520449,Random
R7_1,SPKQYDK,7,2.059823,Random
R7_2,YNCLDHV,7,0.520449,Random
R7_3,AIIINLQ,7,0.520449,Random
R7_4,CPCMVQY,7,2.059823,Random
R7_5,FWCFMNA,7,0.520449,Random
R7_6,ETTETEH,7,0.520449,Random
R7_7,FEWIFTP,7,2.901293,Random
R7_8,QIFYMLK,7,0.520449,Random
R7_9,WSVEENN,7,0.520449,Random
R7_10,GGQGHMR,7,2.978031,Random
R7_11,DWMMPLF,7,2.446329,Random
R7_12,KPADVAT,7,2.059823,Random
R7_13,SERAYSW,7,0.520449,Random
R7_14,NDFKPFT,7,2.446329,Random
R7_15,LQDGGMG,7,2.981884,Random
R7_16,MSRKTDD,7,0.520449,Random
R7_17,GEECPEE,7,4.136099,Random
R7_18,ETLHYNN,7,0.520449,Random
R7_19,MMHILKW,7,0.520449,Random
R7_20,VNWCTST,7,0.520449,Random
R7_21,GMNVLMP,7,1.843787,Random
R7_22,EAMVVGP,7,2.726837,Random
R7_23,SEEKLVW,7,0.520449,Random
R7_24,LTTMAHH,7,0.520449,Random
R7_25,GICMDKS,7,0.960830,Random
R7_26,MVIGMGG,7,2.438321,Random
R7_27,WIHDIFQ,7,0.520449,Random
R7_28,FCRTIYG,7,1.043495,Random
R7_29,VPFHVRV,7,2.059823,Random
R7_30,HVRMHFG,7,1.043495,Random
R7_31,VIDKMRN,7,0.520449,Random
R7_32,KECEIDD,7,0.520449,Random
R7_33,KYYSNMI,7,0.520449,Random
R7_34,DPNGYIR,7,3.129120,Random
R7_35,HAGVHWA,7,0.908103,Random
R7_36,WHTLGLF,7,0.951297,Random
R7_37,TRHVYIN,7,0.520449,Random
R7_38,CNTVKGQ,7,0.999299,Random
R7_39,HMLDDLY,7,0.520449,Random
R8_40,WEYMAARC,8,0.186754,Random
R8_41,SCLVKFMH,8,0.186754,Random
R8_42,CQQDHKVL,8,0.186754,Random
R8_43,IDWVFVGR,8,0.843443,Random
R8_44,IWCQEACH,8,0.186754,Random
R8_45,NGMTYHQI,8,0.913221,Random
R8_46,GHLSYCSC,8,0.819401,Random
R8_47,HYPQDDVK,8,1.836670,Random
R8_48,CAQGCTYS,8,0.786227,Random
R8_49,MSMFSQAD,8,0.186754,Random
R8_50,FVMFYHSD,8,0.186754,Random
R8_51,NARPYRRH,8,1.592120,Random
R8_52,PWIGCMEG,8,2.604770,Random
R8_53,KCDGASHY,8,0.786227,Random
R8_54,VLPSLVIP,8,1.160055,Random
R8_55,DMCQSTAT,8,0.186754,Random
R8_56,TMEGISNY,8,0.786227,Random
R8_57,YYQEAGGV,8,1.539280,Random
R8_58,PHTWGVRD,8,1.447473,Random
R8_59,SSLIASKE,8,0.186754,Random
R8_60,FFGDSRLL,8,0.908354,Random
R8_61,AYWPHCEV,8,1.592120,Random
R8_62,FPIIWDDD,8,1.959227,Random
R8_63,MESVPKGD,8,3.053747,Random
R8_64,RPKTAAHH,8,1.959227,Random
R8_65,VMCMSHEG,8,0.757253,Random
R8_66,HSHKEDDC,8,0.186754,Random
R8_67,GTHPHWEE,8,2.145889,Random
R8_68,DVLPFEIN,8,1.592120,Random
R8_69,VNPVPADG,8,6.799706,Random
R8_70,PCGRSEMF,8,3.113276,Random
R8_71,ENHLLEID,8,0.186754,Random
R8_72,LYTASNIY,8,0.186754,Random
R8_73,AGQHYNGN,8,1.968465,Random
R8_74,RWRCINDG,8,0.757253,Random
R8_75,DQAMIMIA,8,0.186754,Random
R8_76,RTKSVLMC,8,0.186754,Random
R8_77,YCVHKKMM,8,0.186754,Random
R8_78,YDHAMHWC,8,0.186754,Random
R8_79,NAQMSHDG,8,0.757253,Random
R9_80,DVKFVHQGD,9,1.144351,Random
R9_81,SKSFQQCDR,9,0.411147,Random
R9_82,CIFTSRIPT,9,1.525464,Random
R9_83,WHTPILTMG,9,0.910046,Random
R9_84,APGIKVDLW,9,1.017810,Random
R9_85,VDKASRKWY,9,0.411147,Random
R9_86,PQGCIWQHL,9,2.551853,Random
R9_87,CCMNFYKGH,9,1.144351,Random
R9_88,KKRMQQKGV,9,1.144351,Random
R9_89,NCYDENHSV,9,0.411147,Random
R9_90,RDDYWHMDV,9,0.411147,Random
R9_91,FKDRNACHS,9,0.411147,Random
R9_92,FTHERRGDI,9,1.164393,Random
R9_93,RYLWMYYRD,9,0.411147,Random
R9_94,WQEHEEYTA,9,0.411147,Random
R9_95,NQWGCRARY,9,1.074902,Random
R9_96,NQMDPKLSW,9,1.405350,Random
R9_97,MWSTNHQNK,9,0.411147,Random
R9_98,DMHFRTTDW,9,0.411147,Random
R9_99,KHWDMCRLH,9,0.411147,Random
R9_100,ITVNKRHSE,9,0.411147,Random
R9_101,QVMLGTFKK,9,0.886082,Random
R9_102,GDVKDQYNI,9,1.037961,Random
R9_103,DICDYCNRM,9,0.411147,Random
R9_104,HWENQARGR,9,1.144351,Random
R9_105,YRQNQFGNQ,9,1.164393,Random
R9_106,CICHAFFHE,9,0.411147,Random
R9_107,YHVSHIYYD,9,0.411147,Random
R9_108,IEGERCDNG,9,2.431644,Random
R9_109,KKYQVEPEN,9,1.611506,Random
R9_110,EMNRQLGKY,9,1.164393,Random
R9_111,CRTCIDESY,9,0.411147,Random
R9_112,MSSPTFIRP,9,0.510584,Random
R9_113,YLWNGFPIC,9,2.698079,Random
R9_114,GWKIQPFCM,9,1.070736,Random
R9_115,GQVHNNKGK,9,1.734058,Random
R9_116,ECWGYEGNM,9,2.193799,Random
R9_117,NDRAFYWSM,9,0.411147,Random
R9_118,VIQGSQNPM,9,0.795660,Random
R9_119,GTELNHEHE,9,1.037961,Random
R10_120,HAAVKVQESD,10,1.037104,Random
R10_121,EQANRRGELH,10,1.391357,Random
R10_122,QRVDCVQYRL,10,1.037104,Random
R10_123,VIWLWDPFLA,10,1.321022,Random
R10_124,ESDTKKALTG,10,1.544951,Random
R10_125,KMGACGNHAP,10,2.726617,Random
R10_126,MYKQKAALGS,10,1.330748,Random
R10_127,LWYGNLSAYD,10,1.273763,Random
R10_128,LEKMHCERNP,10,1.297317,Random
R10_129,TWKFSFTEGT,10,1.330748,Random
R10_130,GVWANIKQNT,10,1.500541,Random
R10_131,VGHGKWWIEH,10,1.634380,Random
R10_132,NSTEHGKYMK,10,1.248830,Random
R10_133,QYFNMNDTQC,10,1.037104,Random
R10_134,EYPSVCCPYT,10,1.105210,Random
R10_135,KIHPIAVNGT,10,0.837053,Random
R10_136,NHWAHYADVD,10,1.037104,Random
R10_137,QDREMSWQWR,10,1.037104,Random
R10_138,MWRPWGVHTI,10,1.649272,Random
R10_139,GEYETVASVA,10,1.500541,Random
R10_140,QKRVITLSHF,10,1.037104,Random
R10_141,QMNCVPIKRG,10,1.753262,Random
R10_142,QLGIWLTHRR,10,1.235202,Random
R10_143,ADADGSMAWH,10,1.250886,Random
R10_144,NECRHCFEGW,10,1.330748,Random
R10_145,DFELWMEFKW,10,1.037104,Random
R10_146,IKKWLHAFLE,10,1.037104,Random
R10_147,GTVNLWMPRH,10,2.742896,Random
R10_148,VEAHYGYYWM,10,1.248830,Random
R10_149,IVEFMHRYWS,10,1.037104,Random
R10_150,SHSMEDVEPF,10,1.268826,Random
R10_151,REEIRPHYQC,10,1.381422,Random
R10_152,IGFNGEYNEM,10,2.020557,Random
R10_153,FMWLTIRLQA,10,1.037104,Random
R10_154,SANSVFPPQC,10,1.940602,Random
R10_155,EMDLAPDVWT,10,1.381422,Random
R10_156,CPVGFIPLTL,10,2.644002,Random
R10_157,QKQSFVNTNK,10,1.037104,Random
R10_158,MVTQNIHADP,10,1.297317,Random
R10_159,CWVLSRREFK,10,1.037104,Random
R11_160,YNHIFTPCLEQ,11,1.273359,Random
R11_161,SPERLCKWDQV,11,1.364572,Random
R11_162,LNEASIMRVNF,11,0.489988,Random
R11_163,RQEVTGMWFMQ,11,0.826365,Random
R11_164,CIQCGPIITAS,11,1.277073,Random
R11_165,NYPHRASLSWG,11,2.310621,Random
R11_166,NIFSATWGYQY,11,0.878236,Random
R11_167,MWGEKLWSTIF,11,0.809396,Random
R11_168,YLESWMFNEQW,11,0.489988,Random
R11_169,TVCDMQGLMGW,11,1.815778,Random
R11_170,ENQTQFKAKAV,11,0.489988,Random
R11_171,QYHGVKYMAAM,11,0.860314,Random
R11_172,QYCAIWRFVTC,11,0.489988,Random
R11_173,GNVHSIFDNCV,11,0.851006,Random
R11_174,DRLKYQYKLHG,11,0.868959,Random
R11_175,MKSRISSIHQL,11,0.489988,Random
R11_176,ILMELRVGDRG,11,1.787884,Random
R11_177,SHRAGPYGVNN,11,2.361806,Random
R11_178,TTHWVQIYILT,11,0.489988,Random
R11_179,AWAAEPMNEKC,11,1.182761,Random
R11_180,FWYNKGDPHKL,11,1.546416,Random
R11_181,SATPSGHNEGC,11,1.910279,Random
R11_182,CHKENDMGNEH,11,0.878236,Random
R11_183,CSVDFDIDGIN,11,0.846783,Random
R11_184,GNVIKVHFCYI,11,0.851006,Random
R11_185,DVYLVKGWEPQ,11,2.644338,Random
R11_186,PNWCVYFMYMV,11,1.337173,Random
R11_187,KLTWLIVGFIQ,11,0.878236,Random
R11_188,PEVGDMSCMEL,11,1.931634,Random
R11_189,PWQELCHWSWR,11,1.337173,Random
R11_190,WIETFSHVIGT,11,0.850854,Random
R11_191,RRAVEQAACCN,11,0.489988,Random
R11_192,QKWWHNVWLQH,11,0.489988,Random
R11_193,LAIGGKSHIYF,11,1.079932,Random
R11_194,DYKADFSYGFP,11,2.540938,Random
R11_195,AITDWNPFMQT,11,1.273359,Random
R11_196,ACKCYAAGWKA,11,0.878236,Random
R11_197,WSVALTCAEQF,11,0.489988,Random
R11_198,HTMIDWVKIWE,11,0.489988,Random
R11_199,DVPLQNNAPDL,11,3.047404,Random
R12_200,QFLPALTSGNNG,12,1.211674,Random
R12_201,GLFMCSDPPDST,12,2.538968,Random
R12_202,VGATAQTGQMSD,12,1.030096,Random
R12_203,ARDHWLICRGGM,12,1.216182,Random
R12_204,FMIFLHDTICMV,12,0.280129,Random
R12_205,EMTVKVAWQWKE,12,0.280129,Random
R12_206,RRRMMFPELWFS,12,1.194147,Random
R12_207,DWQNAALDWDER,12,0.280129,Random
R12_208,KNLIMKEEMKQC,12,0.280129,Random
R12_209,LKQFKQTVNANY,12,0.280129,Random
R12_210,PLKAINMDPSHA,12,0.095451,Random
R12_211,QKTWTNHYIWVT,12,0.280129,Random
R12_212,DYEEEYLGPVAH,12,1.660598,Random
R12_213,FSTPWCIGTGCV,12,1.728640,Random
R12_214,WMNAFDWMGGDD,12,1.126246,Random
R12_215,WMRATYLYTPGT,12,1.639532,Random
R12_216,MNPVTPRWRDWL,12,0.549983,Random
R12_217,SQCQGSTIAVWE,12,0.740822,Random
R12_218,EVCICNEIPRVS,12,1.399701,Random
R12_219,GHADGDYHEPQD,12,1.840213,Random
R12_220,WPDKTRHPSKVH,12,4.200010,Random
R12_221,WCVQTTWRIPLY,12,1.907120,Random
R12_222,GLYDYMWRQCSE,12,0.757199,Random
R12_223,WSILWLYNTKWN,12,0.280129,Random
R12_224,IGQRNMVHPNSK,12,1.523103,Random
R12_225,GLSFWDENSKAM,12,0.757199,Random
R12_226,RHQTLQDHRQCI,12,0.280129,Random
R12_227,WKLWKVVFELCD,12,0.280129,Random
R12_228,NGHELTTFPQTM,12,1.523103,Random
R12_229,RLTLISKPAMVR,12,1.163474,Random
R12_230,LSDLESCHEGWG,12,1.117785,Random
R12_231,CWTKWCFYDRIN,12,0.280129,Random
R12_232,YPPFSYIDTQSP,12,4.067904,Random
R12_233,INLGQIPNKQVP,12,1.466827,Random
R12_234,WWRAWHITHNFH,12,0.280129,Random
R12_235,TRYWLCVYAHSF,12,0.280129,Random
R12_236,AIPRNRADGCGC,12,1.617081,Random
R12_237,FKPENDQIGMAC,12,2.182538,Random
R12_238,IKYMPWELLCFY,12,1.137067,Random
R12_239,LICDVNNFFTMS,12,0.280129,Random
R13_240,QLGNYFYTHTYVI,13,1.095785,Random
R13_241,KTFEIPLNVWQDC,13,1.054077,Random
R13_242,WASQWKFKNMSHA,13,0.429832,Random
R13_243,KLGTYGRVNHQMP,13,2.703573,Random
R13_244,HLIYIKPQGEPQN,13,0.887324,Random
R13_245,NDYKYKFAGTMMG,13,1.466642,Random
R13_246,EYYRFRKQWLQHN,13,0.429832,Random
R13_247,AHEKGYPPTGASH,13,3.926092,Random
R13_248,HDPYIRLKYITVF,13,1.098739,Random
R13_249,NWSCHVKQQPKPR,13,3.476560,Random
R13_250,TSYSQRMPPSIDL,13,1.461720,Random
R13_251,YNHIREVYYHENF,13,0.429832,Random
R13_252,QIWFKTKCLITHV,13,0.429832,Random
R13_253,CWQRIMWCAFPFR,13,1.214047,Random
R13_254,GDYYANFMMHKCM,13,0.941137,Random
R13_255,YVTNLHFHRNPSK,13,1.214047,Random
R13_256,KINVQTTNVMGKC,13,1.002291,Random
R13_257,FFQRPMKVVSHQH,13,1.096201,Random
R13_258,GIPEDNMSGMNWM,13,2.369735,Random
R13_259,CHAIEWPMSHGSC,13,0.900938,Random
R13_260,WDEYYYACDCPKT,13,1.214047,Random
R13_261,PYEMFVTHYCVYG,13,1.184140,Random
R13_262,TYKVQHFLMTILK,13,0.429832,Random
R13_263,EMYMTCILQQNVC,13,0.429832,Random
R13_264,SADHQFIPLISMN,13,1.029534,Random
R13_265,KLLWGPILHFQNC,13,1.129635,Random
R13_266,NREFFYFHNCAGA,13,1.002202,Random
R13_267,CYWDPWNKEVIPH,13,2.214692,Random
R13_268,VHLIMELHTAIDI,13,0.429832,Random
R13_269,YGFMHEVIQNFMH,13,1.055994,Random
R13_270,HMPIKCIIVMNQA,13,1.098739,Random
R13_271,FWPMECCCRKPVG,13,0.949511,Random
R13_272,WWVGYTSWHFVQN,13,0.950370,Random
R13_273,LTRVMVPRLECAY,13,1.085072,Random
R13_274,MCNMELRKIMMHC,13,0.429832,Random
R13_275,KFVSVEDRKWNTP,13,1.210330,Random
R13_276,NKLQMDEIHPGAW,13,0.916961,Random
R13_277,AYKQSIPAKPWIQ,13,1.368279,Random
R13_278,TDCRHWYIDGKDW,13,0.874701,Random
R13_279,ELDQYFQNCEAFT,13,0.429832,Random
R14_280,WIGQSTEKLKPKDQ,14,1.120236,Random
R14_281,FATEAIFQAQHTGW,14,1.188968,Random
R14_282,RASTIVKSEYDRHQ,14,0.867449,Random
R14_283,SDYWKSPYKKLNRI,14,1.037987,Random
R14_284,IEWDRHHVKEGWCI,14,1.250019,Random
R14_285,NQCLACDKWRCIDG,14,1.328433,Random
R14_286,QKSNHLPDISFDDD,14,1.037987,Random
R14_287,WNNNISDIFDIFLR,14,0.867449,Random
R14_288,SKMTLQLDHVRHLS,14,0.867449,Random
R14_289,QYCRRQFMRSKYHD,14,0.867449,Random
R14_290,FCQKWIQHHISPYW,14,0.972858,Random
R14_291,KACHHEKWFKTKFW,14,0.867449,Random
R14_292,GYMMGNSYKWYNLL,14,1.544574,Random
R14_293,VTEMWCYGKVTAYK,14,1.119793,Random
R14_294,PAYFCEILEIHGLP,14,3.051345,Random
R14_295,YWLVPGNFNYFLSS,14,0.798599,Random
R14_296,EYEHPGFDTISYYI,14,0.798599,Random
R14_297,IVKVWFMVKDMSYA,14,0.867449,Random
R14_298,FQRNPYCYNGLQSG,14,0.740694,Random
R14_299,LVKNRTFMKEHPFQ,14,0.972858,Random
R14_300,TNHHRVLTGTARYL,14,1.106339,Random
R14_301,NFYYILHEIMEWLG,14,1.328433,Random
R14_302,SPFDERIEGTAYLD,14,2.044968,Random
R14_303,WEDSGNLHFFLIHE,14,1.167477,Random
R14_304,GFALVLGAFEIITN,14,1.439078,Random
R14_305,LMVSWLVTDAHSNF,14,0.867449,Random
R14_306,VSQKGGCVFDVCHM,14,1.169273,Random
R14_307,LWHGHSIKPEWNTP,14,1.705776,Random
R14_308,NFAYGHFTFFVMFH,14,1.167477,Random
R14_309,LCGMMRCKPQRTQP,14,2.446508,Random
R14_310,LQYAHWQIDTYDCC,14,0.867449,Random
R14_311,PIFNLILAQPPKYQ,14,0.988609,Random
R14_312,QRPDTVRGYHSKEQ,14,0.663066,Random
R14_313,AETRRRNWFLTKPS,14,0.957723,Random
R14_314,APRTTHAQCSSNWA,14,1.086475,Random
R14_315,SITEYNVVIEQNDN,14,0.867449,Random
R14_316,MQPRKAEVQWTEAM,14,1.016822,Random
R14_317,YNKFWYMEGSLMNH,14,1.106339,Random
R14_318,YGLDASHWLSNVES,14,1.154848,Random
R14_319,WGAPASVLDCKFQF,14,1.847723,Random
R15_320,AQILMCTHGTGCHDN,15,1.125175,Random
R15_321,PFYRLALNFWNHPDQ,15,0.327544,Random
R15_322,EPYEVGFFTQGNQPN,15,0.213897,Random
R15_323,HSGIAGKTFIMNVYK,15,1.582461,Random
R15_324,LFFWTTDIIEHDKKC,15,0.529272,Random
R15_325,SKVSQIQWYDEGWLC,15,0.856432,Random
R15_326,NHNFNWDLVGSYPET,15,2.040672,Random
R15_327,VYKWPHHYVKQGGAV,15,2.240322,Random
R15_328,FFEDAHIIRMENHFR,15,0.529272,Random
R15_329,QHCRMSCPQWFGCGR,15,1.144560,Random
R15_330,FSQVERRSKYLESVV,15,0.529272,Random
R15_331,FPVDDLNVNNAGYYW,15,1.177510,Random
R15_332,DKFTFQSKHLHRLFE,15,0.529272,Random
R15_333,AYSIEEFKTAGKFCP,15,1.531110,Random
R15_334,AAAPSTTMWLLNTFE,15,0.922188,Random
R15_335,YGRMELQSVVNVNQS,15,0.833372,Random
R15_336,FYDYPFNLKNHGYGW,15,1.481732,Random
R15_337,SCEPRLYYEHEKFRF,15,0.922188,Random
R15_338,RSEMNAPVGWTGWFI,15,1.705694,Random
R15_339,QKYKGIICVPLKMHT,15,0.880800,Random
R15_340,PTWDQKICPPQETHR,15,1.418237,Random
R15_341,ARAYADYFDKFVLET,15,0.529272,Random
R15_342,VPCWFMWPPFLHQLF,15,1.470485,Random
R15_343,PICWKHISSGWYIVS,15,1.205963,Random
R15_344,KYYHIYIRRQGLMTT,15,0.819481,Random
R15_345,SEWWYEFLQEKRYTL,15,0.529272,Random
R15_346,MEMDWVNFNMPPSCD,15,2.646815,Random
R15_347,IVSETVFSACSDLIP,15,1.274851,Random
R15_348,RNDTHETALSMALLN,15,0.529272,Random
R15_349,LIPVVSRALYKSNTG,15,1.830295,Random
R15_350,YSSKCDQQGNQKKKT,15,0.836792,Random
R15_351,ACAKDGGGNMMTTQM,15,1.271532,Random
R15_352,WIYYLEYEIALFQNE,15,0.529272,Random
R15_353,CPGKCGWPLIMDVHC,15,1.890361,Random
R15_354,CAEPRTSSRCRRQWH,15,0.922188,Random
R15_355,TPPPKCKWDMTAKQF,15,2.022685,Random
R15_356,HWKRQWQLTTSNVYW,15,0.529272,Random
R15_357,HMDASEFCTSLKGFL,15,0.843554,Random
R15_358,CWWMPKVGVEGDTVP,15,2.444628,Random
R15_359,MSYFSICLCATNEID,15,0.529272,Random
R16_360,TVQPPMIAQMGHSNRP,16,1.542750,Random
R16_361,IYIHRWDHEVHMESAN,16,0.373504,Random
R16_362,AFIPDHPKYHPLYKTH,16,1.229279,Random
R16_363,HHMRQEGEEATCNDTQ,16,0.804635,Random
R16_364,HYPDGYPSGKEVDGDD,16,2.055548,Random
R16_365,CARVPKVQRKCERQAM,16,0.971592,Random
R16_366,KFRNWLEKKMSASHFP,16,1.837157,Random
R16_367,CQLICHNRFYMKSQNK,16,0.373504,Random
R16_368,SWDYCAQWEPVNGIGF,16,1.784414,Random
R16_369,DNWFINSSHFQNWHEK,16,0.373504,Random
R16_370,RMGELRGWITSTPERG,16,3.705734,Random
R16_371,RARDFGEVFEPDMTVE,16,1.318080,Random
R16_372,NPQQFHNRGHYSVDQV,16,1.331763,Random
R16_373,AINPPIQKSNGAVMNL,16,1.816872,Random
R16_374,KNLDHCRIYACEQEKM,16,0.373504,Random
R16_375,MMVNWANLIGFATQVQ,16,0.801155,Random
R16_376,TYTFFSDFDAFDATQW,16,0.373504,Random
R16_377,TPRTVCWFDIHPLTHF,16,3.023619,Random
R16_378,PPYPGMHMLRRKYMHS,16,1.807588,Random
R16_379,NYHGMAASESIPENQR,16,1.076475,Random
R16_380,DQTAQENRFTIDYTGN,16,0.780237,Random
R16_381,YHCWFRCRGSELEFGW,16,1.031142,Random
R16_382,NSTYYSYPSRVFIFMC,16,0.934449,Random
R16_383,YGQNGNLFDVVWMRSK,16,1.529516,Random
R16_384,ERNVTVVYYPLAVQYQ,16,1.017086,Random
R16_385,YSHYNEAGEISQGTVA,16,1.019321,Random
R16_386,CWHRHCWVAFCDCIMF,16,0.373504,Random
R16_387,MRCKYLFHIGYTHCSN,16,0.801155,Random
R16_388,PKMDQVIFRYDDSNKP,16,1.780493,Random
R16_389,TSGPRFPRILENVGTP,16,2.345708,Random
R16_390,MILTFCATMGFDNCLA,16,0.801155,Random
R16_391,QNVVCAVMCAKCEVFH,16,0.373504,Random
R16_392,SHQQAVRTYEIQKMHT,16,0.373504,Random
R16_393,HLKWKVRTTNLGVEWV,16,0.756240,Random
R16_394,WEQMKQYSQMANSLNY,16,0.373504,Random
R16_395,PMRTGMDNFMYERKHL,16,0.996535,Random
R16_396,EVDLPAQWSGCLQISW,16,1.213063,Random
R16_397,PCILCHRCCVRHNKWK,16,1.338442,Random
R16_398,EYEAYTYNDVPVRYAK,16,1.010105,Random
R16_399,THGCSDIPYNRPWEND,16,0.431053,Random
